,PLAYER_NAME,PLAYER_ID
0,Royce O'Neale,1626220
1,Bojan Bogdanovic,202711
2,Rudy Gobert,203497
3,Donovan Mitchell,1628378
4,Mike Conley,201144
5,Joe Ingles,204060
6,Ed Davis,202334
7,Jeff Green,201145
8,Dante Exum,203957
9,Emmanuel Mudiay,1626144
10,Georges Niang,1627777
11,Tony Bradley,1628396
12,Nigel Williams-Goss,1628430
13,Tobias Harris,202699
14,Al Horford,201143
15,Joel Embiid,203954
16,Furkan Korkmaz,1627788
17,Ben Simmons,1627732
18,James Ennis III,203516
19,Mike Scott,203118
20,Raul Neto,203526
21,Matisse Thybulle,1629680
22,Shake Milton,1629003
23,Kyle O'Quinn,203124
24,Norvel Pelle,203658
25,Kevin Knox II,1628995
26,Julius Randle,203944
27,Taj Gibson,201959
28,RJ Barrett,1629628
29,Dennis Smith Jr.,1628372
30,Wayne Ellington,201961
31,Mitchell Robinson,1629011
32,Damyean Dotson,1628422
33,Bobby Portis,1626171
34,Allonzo Trier,1629019
35,Ignas Brazdeikis,1629649
36,Kadeem Allen,1628443
37,Khris Middleton,203114
38,Giannis Antetokounmpo,203507
39,Robin Lopez,201577
40,Wesley Matthews,202083
41,Eric Bledsoe,202339
42,Donte DiVincenzo,1628978
43,Ersan Ilyasova,101141
44,Pat Connaughton,1626192
45,George Hill,201588
46,D.J. Wilson,1628391
47,Kyle Korver,2594
48,Dragan Bender,1627733
49,Thanasis Antetokounmpo,203648
50,Kris Dunn,1627739
51,Lauri Markkanen,1628374
52,Wendell Carter Jr.,1628976
53,Zach LaVine,203897
54,Tomas Satoransky,203107
55,Coby White,1629632
56,Thaddeus Young,201152
57,Ryan Arcidiacono,1627853
58,Denzel Valentine,1627756
59,Daniel Gafford,1629655
60,Shaquille Harrison,1627885
61,Luke Kornet,1628436
62,Max Strus,1629622
63,Harrison Barnes,203084
64,Nemanja Bjelica,202357
65,Richaun Holmes,1626158
66,Buddy Hield,1627741
67,Cory Joseph,202709
68,Bogdan Bogdanovic,203992
69,Justin James,1629713
70,Trevor Ariza,2772
71,Dewayne Dedmon,203473
72,Yogi Ferrell,1627812
73,Harry Giles III,1628385
74,Kyle Guy,1629657
75,Caleb Swanigan,1628403
76,Kelly Oubre Jr.,1626162
77,Dario Saric,203967
78,Frank Kaminsky,1626163
79,Devin Booker,1626164
80,Ricky Rubio,201937
81,Mikal Bridges,1628969
82,Ty Jerome,1629660
83,Cameron Johnson,1629661
84,Jevon Carter,1628975
85,Aron Baynes,203382
86,Tyler Johnson,204020
87,Elie Okobo,1629059
88,Miles Bridges,1628970
89,P.J. Washington,1629023
90,Bismack Biyombo,202687
91,Devonte' Graham,1628984
92,Terry Rozier,1626179
93,Nicolas Batum,201587
94,Cody Zeller,203469
95,Marvin Williams,101107
96,Malik Monk,1628370
97,Dwayne Bacon,1628407
98,Willy Hernangomez,1626195
99,Michael Kidd-Gilchrist,203077
100,T.J. Warren,203933
101,Domantas Sabonis,1627734
102,Myles Turner,1626167
103,Jeremy Lamb,203087
104,Malcolm Brogdon,1627763
105,Justin Holiday,203200
106,Aaron Holiday,1628988
107,T.J. McConnell,204456
108,Doug McDermott,203926
109,Goga Bitadze,1629048
110,Alize Johnson,1628993
111,TJ Leaf,1628388
112,Solomon Hill,203524
113,Jae Crowder,203109
114,Jaren Jackson Jr.,1628991
115,Dillon Brooks,1628415
116,Tyus Jones,1626145
117,De'Anthony Melton,1629001
118,Grayson Allen,1628960
119,Bruno Caboclo,203998
120,Marko Guduric,1629741
121,Kyle Anderson,203937
122,Brandon Clarke,1629634
123,Jonas Valanciunas,202685
124,Yuta Watanabe,1629139
125,Eric Paschall,1629672
126,Kevon Looney,1626172
127,Willie Cauley-Stein,1626161
128,Glenn Robinson III,203922
129,Alec Burks,202692
130,Ky Bowman,1629065
131,Marquese Chriss,1627737
132,Jordan Poole,1629673
133,Omari Spellman,1629016
134,Jacob Evans,1628980
135,Draymond Green,203110
136,De'Andre Hunter,1629631
137,Jabari Parker,203953
138,Damian Jones,1627745
139,DeAndre' Bembry,1627761
140,Trae Young,1629027
141,Vince Carter,1713
142,Alex Len,203458
143,Cam Reddish,1629629
144,Evan Turner,202323
145,Tyrone Wallace,1627820
146,Bruno Fernando,1628981
147,Brandon Goodwin,1629164
148,Chandler Parsons,202718
149,Jimmy Butler,202710
150,Bam Adebayo,1628389
151,Meyers Leonard,203086
152,Duncan Robinson,1629130
153,Kendrick Nunn,1629134
154,Goran Dragic,201609
155,Justise Winslow,1626159
156,Chris Silva,1629735
157,Tyler Herro,1629639
158,Kelly Olynyk,203482
159,Derrick Jones Jr.,1627884
160,Udonis Haslem,2617
161,James Johnson,201949
162,Joe Harris,203925
163,Taurean Prince,1627752
164,Jarrett Allen,1628386
165,Garrett Temple,202066
166,Spencer Dinwiddie,203915
167,Dzanan Musa,1629058
168,DeAndre Jordan,201599
169,Iman Shumpert,202697
170,David Nwaba,1628021
171,Theo Pinson,1629033
172,Nicolas Claxton,1629651
173,Treveon Graham,1626203
174,Robert Covington,203496
175,Karl-Anthony Towns,1626157
176,Jarrett Culver,1629633
177,Andrew Wiggins,203952
178,Jeff Teague,201952
179,Josh Okogie,1629006
180,Shabazz Napier,203894
181,Keita Bates-Diop,1628966
182,Gorgui Dieng,203476
183,Jordan Bell,1628395
184,Naz Reid,1629675
185,Noah Vonleh,203943
186,Dorian Finney-Smith,1627827
187,Kristaps Porzingis,204001
188,Dwight Powell,203939
189,Tim Hardaway Jr.,203501
190,Luka Doncic,1629029
191,Delon Wright,1626153
192,Seth Curry,203552
193,Maxi Kleber,1628467
194,Jalen Brunson,1628973
195,Justin Jackson,1628382
196,Boban Marjanovic,1626246
197,J.J. Barea,200826
198,Courtney Lee,201584
199,LeBron James,2544
200,Anthony Davis,203076
201,JaVale McGee,201580
202,Danny Green,201980
203,Kentavious Caldwell-Pope,203484
204,Kyle Kuzma,1628398
205,Alex Caruso,1627936
206,Rajon Rondo,200765
207,Troy Daniels,203584
208,Dwight Howard,2730
209,Jared Dudley,201162
210,Quinn Cook,1626188
211,DeMar DeRozan,201942
212,Rudy Gay,200752
213,Jakob Poeltl,1627751
214,Derrick White,1628401
215,Bryn Forbes,1627854
216,Dejounte Murray,1627749
217,Patty Mills,201988
218,Trey Lyles,1626168
219,Drew Eubanks,1629234
220,Marco Belinelli,201158
221,Lonnie Walker IV,1629022
222,DeMarre Carroll,201960
223,Chimezie Metu,1629002
224,Tony Snell,203503
225,Blake Griffin,201933
226,Andre Drummond,203083
227,Luke Kennard,1628379
228,Bruce Brown,1628971
229,Langston Galloway,204038
230,Derrick Rose,201565
231,Markieff Morris,202693
232,Svi Mykhailiuk,1629004
233,Christian Wood,1626174
234,Thon Maker,1627748
235,Tim Frazier,204025
236,Sekou Doumbouya,1629635
237,Terrance Ferguson,1628390
238,Danilo Gallinari,201568
239,Steven Adams,203500
240,Shai Gilgeous-Alexander,1628983
241,Chris Paul,101108
242,Nerlens Noel,203457
243,Dennis Schroder,203471
244,Abdel Nader,1627846
245,Darius Bazley,1629647
246,Deonte Burton,1629126
247,Devon Hall,1628985
248,Mike Muscala,203488
249,Jrue Holiday,201950
250,Brandon Ingram,1627742
251,Jahlil Okafor,1626143
252,JJ Redick,200755
253,Lonzo Ball,1628366
254,Jaxson Hayes,1629637
255,Josh Hart,1628404
256,E'Twaun Moore,202734
257,Nicolo Melli,1629740
258,Nickeil Alexander-Walker,1629638
259,Derrick Favors,202324
260,Frank Jackson,1628402
261,Kenrich Williams,1629026
262,Jonathan Isaac,1628371
263,Aaron Gordon,203932
264,Khem Birch,203920
265,Evan Fournier,203095
266,Markelle Fultz,1628365
267,Wes Iwundu,1628411
268,D.J. Augustin,201571
269,Mo Bamba,1628964
270,Terrence Ross,203082
271,Melvin Frazier Jr.,1628982
272,Amile Jefferson,1628518
273,Josh Magette,203705
274,OG Anunoby,1628384
275,Pascal Siakam,1627783
276,Marc Gasol,201188
277,Norman Powell,1626181
278,Fred VanVleet,1627832
279,Serge Ibaka,201586
280,Rondae Hollis-Jefferson,1626178
281,Terence Davis,1629056
282,Chris Boucher,1628449
283,Oshae Brissett,1629052
284,Malcolm Miller,1626259
285,Dewan Hernandez,1629608
286,Shamorie Ponds,1629044
287,Troy Brown Jr.,1628972
288,Rui Hachimura,1629060
289,Thomas Bryant,1628418
290,Bradley Beal,203078
291,Isaiah Thomas,202738
292,Davis Bertans,202722
293,Ish Smith,202397
294,Jordan McRae,203895
295,Isaac Bonga,1629067
296,Chris Chiozza,1629185
297,Ian Mahinmi,101133
298,Moritz Wagner,1629021
299,Kawhi Leonard,202695
300,Maurice Harkless,203090
301,Ivica Zubac,1627826
302,Paul George,202331
303,Patrick Beverley,201976
304,Lou Williams,101150
305,Montrezl Harrell,1626149
306,JaMychal Green,203210
307,Jerome Robinson,1629010
308,Terance Mann,1629611
309,Patrick Patterson,202335
310,Derrick Walton Jr.,1628476
311,Mfiondu Kabengele,1629662
312,Jaylen Brown,1627759
313,Jayson Tatum,1628369
314,Daniel Theis,1628464
315,Marcus Smart,203935
316,Kemba Walker,202689
317,Enes Kanter,202683
318,Grant Williams,1629684
319,Javonte Green,1629750
320,Brad Wanamaker,202954
321,Robert Williams III,1629057
322,Semi Ojeleye,1628400
323,Carsen Edwards,1629035
324,Vincent Poirier,1629738
325,Frank Ntilikina,1628373
326,Marcus Morris Sr.,202694
327,Allen Crabbe,203459
328,Ben McLemore,203463
329,P.J. Tucker,200782
330,Tyson Chandler,2199
331,James Harden,201935
332,Russell Westbrook,201566
333,Isaiah Hartenstein,1628392
334,Austin Rivers,203085
335,Gary Clark,1629109
336,Thabo Sefolosha,200757
337,Chris Clemons,1629598
338,Clint Capela,203991
339,Frank Mason,1628412
340,Will Barton,203115
341,Paul Millsap,200794
342,Nikola Jokic,203999
343,Gary Harris,203914
344,Jamal Murray,1627750
345,Jerami Grant,203924
346,Juancho Hernangomez,1627823
347,Monte Morris,1628420
348,Mason Plumlee,203486
349,Malik Beasley,1627736
350,Torrey Craig,1628470
351,Michael Porter Jr.,1629008
352,Wenyen Gabriel,1629117
353,Trey Burke,203504
354,Zhaire Smith,1629015
355,Miye Oni,1629671
356,Ja Morant,1629630
357,Rodney Hood,203918
358,Carmelo Anthony,2546
359,Hassan Whiteside,202355
360,CJ McCollum,203468
361,Damian Lillard,203081
362,Nassir Little,1629642
363,Anfernee Simons,1629014
364,Skal Labissiere,1627746
365,Kent Bazemore,203145
366,Moses Brown,1629650
367,Mario Hezonja,1626209
368,Jaylen Hoard,1629658
369,Anthony Tolliver,201229
370,Cheick Diallo,1627767
371,Rodney McGruder,203585
372,LaMarcus Aldridge,200746
373,Brook Lopez,201572
374,Cedi Osman,1626224
375,Kevin Love,201567
376,Tristan Thompson,202684
377,Collin Sexton,1629012
378,Darius Garland,1629636
379,Larry Nance Jr.,1626204
380,Kevin Porter Jr.,1629645
381,Jordan Clarkson,203903
382,Alfonzo McKinnie,1628035
383,Matthew Dellavedova,203521
384,Ante Zizic,1627790
385,Brandon Knight,202688
386,Marial Shayok,1629621
387,Al-Farouq Aminu,202329
388,Henry Ellenson,1627740
389,Timothe Luwawu-Cabarrot,1627789
390,Chandler Hutchison,1628990
391,D'Angelo Russell,1626156
392,Justin Patton,1628383
393,Kelan Martin,1629103
394,Sterling Brown,1628425
395,Cody Martin,1628998
396,Danuel House Jr.,1627863
397,Josh Richardson,1626196
398,Jonah Bolden,1628413
399,Juwan Morgan,1629752
400,BJ Johnson,1629168
401,Rodions Kurucs,1629066
402,CJ Miles,101139
403,Tremont Waters,1629682
404,Jaylen Nowell,1629669
405,Admiral Schofield,1629678
406,Justin Robinson,1629620
407,Deandre Ayton,1629028
408,Jordan Bone,1629648
409,Gary Trent Jr.,1629018
410,Keldon Johnson,1629640
411,Matt Thomas,1629744
412,Naz Mitrou-Long,1628513
413,Hamidou Diallo,1628977
414,Dean Wade,1629731
415,Ryan Broekhoff,1629151
416,DaQuan Jeffries,1629610
417,Stanton Kidd,1629742
418,Justin Wright-Foreman,1629625
419,Nikola Vucevic,202696
420,Tyler Cook,1629076
421,Zylan Cheatham,1629597
422,Josh Gray,1627982
423,Jake Layman,1627774
424,Brian Bowen II,1628968
425,JaKarr Sampson,203960
426,Michael Carter-Williams,203487
427,Jarred Vanderbilt,1629020
428,Charles Brown Jr.,1629718
429,Ryan Anderson,201583
430,Stanley Johnson,1626169
431,Daryl Macon,1629133
432,Kyrie Irving,202681
433,Caleb Martin,1628997
434,Zach Norvell Jr.,1629668
435,Edmond Sumner,1628410
436,Romeo Langford,1629641
437,Avery Bradley,202340
438,Kevin Huerter,1628989
439,John Collins,1628381
440,KZ Okpala,1629644
441,Jordan McLaughlin,1629162
442,Eric Gordon,201569
443,Damion Lee,1627814
444,Landry Shamet,1629013
445,Talen Horton-Tucker,1629659
446,Caris LeVert,1627747
447,Gordon Hayward,202330
448,John Konchar,1629723
449,Pau Gasol,2200
450,Jarrell Brantley,1629714
451,Kyle Lowry,200768
452,Khyri Thomas,1629017
453,De'Aaron Fox,1628368
454,Dion Waiters,203079
455,Otto Porter Jr.,203490
456,Michael Frazier,1626187
457,DeMarcus Cousins,202326
458,Zach Collins,1628380
459,Vlatko Cancar,1628427
460,Wilson Chandler,201163
461,Tacko Fall,1629605
462,Stephen Curry,201939
463,Patrick McCaw,1627775
464,Elfrid Payton,203901
465,Kostas Antetokounmpo,1628961
466,John Henson,203089
467,Garrison Mathews,1629726
468,Johnathan Motley,1628405
469,Jared Harper,1629607
470,PJ Dozier,1628408
471,Jalen McDaniels,1629667
472,Reggie Jackson,202704
473,Marvin Bagley III,1628963
474,Isaiah Roby,1629676
475,Anzejs Pasecniks,1628394
476,Jalen Jones,1627883
477,Haywood Highsmith,1629312
478,Christ Koumadje,1629746
479,Isaiah Miles,1627776
480,Isaiah Taylor,1627819
481,Cameron Payne,1626166
482,Devin Robinson,1628421
483,Devin Cannady,1629962
484,Kevin Durant,201142
485,CJ Massinburg,1629747
486,Lance Thomas,202498
487,C.J. Williams,203710
488,Gerald Green,101123
489,Matur Maker,1629070
490,Nene,2403
492,Ray Spalding,1629034
493,Kyle Alexander,1629734
494,Davon Reed,1628432
495,Skyler Flatten,1629967
496,Bubu Palo,204215
497,Jalen Adams,1629824
498,Javon Bess,1629715
499,Kavell Bigby-Williams,1628448
500,Darius Miller,203121
501,Zion Williamson,1629627
502,Reggie Bullock,203493
503,V.J. King,1629722
504,Lamar Peters,1629777
505,Kenny Wooten,1629624
506,Bennie Boatwright,1629594
507,Andre Iguodala,2738
508,Josh Jackson,1628367
509,Miles Plumlee,203101
510,Ivan Rabb,1628397
511,Quinndary Weatherspoon,1629683
512,Luka Samanic,1629677
513,Daulton Hommes,1629756
514,Devontae Cacok,1629719
515,Demetrius Jackson,1627743
516,Marcus Allen,1629305
517,Andrew Harrison,1626150
518,Kavion Pippen,1629800
519,Juan Toscano-Anderson,1629308
521,Alen Smailagic,1629346
522,Klay Thompson,202691
523,Keljin Blevins,1629833
524,Troy Caupain,1628505
525,London Perrantes,1628506
526,Jusuf Nurkic,203994
527,Tyler Zeller,203092
528,Bol Bol,1629626
529,Josh Reaves,1629729
530,Antonius Cleveland,1628499
531,Amir Coffey,1629599
532,Donte Grantham,1629055
533,B.J. Taylor,1629806
534,Tahjere McCall,1628769
535,Armoni Brooks,1629717
536,Marcus Derrickson,1629094
537,Jordan Sibert,1626296
538,Justin Simon,1629779
539,Milton Doyle,1628495
540,Adam Mokoka,1629690
541,Cristiano Felicio,1626245
542,Simisola Shittu,1629679
544,Tyus Battle,1628967
545,Barry Brown,1629956
546,Cameron Reynolds,1629244
547,Rayjon Tucker,1629730
548,Jon Davis,1629860
549,Isaac Humphries,1629353
551,Vic Law,1629724
552,Joe Johnson,2207
553,Todd Withers,1629270
554,Donta Hall,1629743
555,Louis King,1629663
556,Kobi Simmons,1628424
557,Robert Franks,1629606
558,Ahmed Hill,1629759
559,Jaron Blossomgame,1628417
560,Jarrod Uthoff,1627784
561,Abdul Gaddy,203583
562,Luguentz Dort,1629652
563,DeVaughn Akoon-Purcell,1629152
564,Myke Henry,1627988
565,Eric Moreland,203961
566,Andre Roberson,203460
567,Kyle Collinsworth,1627858
568,William Howard,1629739
569,Reggie Hearn,203687
570,Amida Brimah,1628578
571,Walt Lemon Jr.,1627215
572,Victor Oladipo,203506
573,C.J. Wilcox,203912
575,Kaiser Gates,1629232
576,Yante Maten,1628999
577,Jarell Martin,1626185
578,Marques Bolden,1629716
579,Sindarius Thornwell,1628414
581,Daniel Hamilton,1627772
582,J.P. Macura,1629122
583,Dylan Windler,1629685
584,Jeremiah Martin,1629725
585,Mychal Mulder,1628539
586,Dusty Hannahs,1628605
587,Dakota Mathias,1629751
588,Aric Holman,1629689
589,Tyler Lydon,1628399
590,Hollis Thompson,203138
591,Tyler Ulis,1627755
593,Jalen Lecque,1629665
594,Norense Odiase,1629826
595,David Kramer,1629749
596,Tariq Owens,1629745
597,David Stockton,204065
598,Dedric Lawson,1629664
599,Perrion Callandret,1629825
600,Sagaba Konate,1628996
601,Jaylen Adams,1629121
602,Luke Maye,1629612
603,Justin Anderson,1626147
604,Phil Booth,1629595
605,Jemerrio Jones,1629203
606,John Wall,202322
607,Deng Adel,1629061
608,John Egbunu,1629786
609,Josh Perkins,1629616
610,Joe Chealey,1629147
611,Amir Hinton,1629609
612,Trevon Bluiett,1629129
613,Yudai Baba,1629819
614,Isaiah Pineiro,1629753
615,Eric Mika,1628450
616,Jordan Murphy,1629818
617,Lindell Wigginton,1629623
618,James Palmer Jr.,1629615
619,Terry Larrier,1629097
620,Thomas Welsh,1629118
621,Anthony Bennett,203461
623,Devyn Marble,203906
624,Hassani Gravett,1629755
625,JaKeenan Gant,1629721
635,Jeremy Lin,202391
637,Jodie Meeks,201975
644,Andrew Bogut,101106
648,Shaun Livingston,2733
649,Jonas Jerebko,201973
666,Nikola Mirotic,202703
701,Greg Monroe,202328
704,Amir Johnson,101161
707,Jonathon Simmons,203613
718,Kenneth Faried,202702
731,Guerschon Yabusele,1627824
748,Dante Cunningham,201967
749,Donatas Motiejunas,202700
750,Quincy Pondexter,202347
777,Ekpe Udoh,202327
789,Jerian Grant,1626170
811,Raymond Felton,101109
825,Jose Calderon,101181
827,Zaza Pachulia,2585
828,Jonathan Gibson,1626780
833,Darren Collison,201954
834,Tyreke Evans,201936
843,Jon Leuer,202720
856,Deyonta Davis,1627738
862,Dwyane Wade,2548
872,Alan Williams,1626210
886,Shelvin Mack,202714
887,Tony Parker,2225
895,John Jenkins,203098
896,Isaiah Hicks,1628439
897,Billy Garrett,1628656
901,Wayne Selden,1627782
906,Brandon Sampson,1629102
909,Antonio Blakeney,1628469
910,Rawle Alkins,1628959
919,Tyler Dorsey,1628416
924,Julian Washburn,1627395
926,Joakim Noah,201149
928,Jawun Evans,1628393
929,Bonzie Colson,1629045
931,Dirk Nowitzki,1717
933,Devin Harris,2734
935,Salah Mejri,1626257
952,Jared Terrell,1629123
954,Mitchell Creek,1628249
958,Tyler Cavanaugh,1628463
967,Corey Brewer,201147
969,Troy Williams,1627786
973,Jordan Loyd,1628070
974,Jerryd Bayless,201573
981,Johnathan Williams,1629140
991,Ian Clark,203546
995,Dairis Bertans,1629541
1007,Jamal Crawford,2037
1009,Jimmer Fredette,202690
1015,RJ Hunter,1626154
1023,Chasson Randle,1626184
1024,Sam Dekker,1626155
1039,Nik Stauskas,203917
1040,Channing Frye,101112
1043,Lance Stephenson,202362
1048,Angel Delgado,1629116
1051,Kosta Koufos,201585
1054,Wesley Johnson,202325
1060,Cody Demps,1628610
1067,Scott Machado,203159
1080,Andre Ingram,201281
1082,Jason Smith,201160
1095,Vincent Edwards,1629053
1096,Terrence Jones,203093
1101,Isaiah Briscoe,1628515
1102,Alex Poythress,1627816
1105,Trevon Duval,1628979
1106,Isaiah Canaan,203477
1111,Luol Deng,2736
1113,Emanuel Terry,1629150
1115,Scotty Hopson,203816
1116,Richard Solomon,204076
1140,Marcin Gortat,101162
1144,Wade Baldwin IV,1627735
1146,Michael Beasley,201563
1159,Alex Abrines,203518
1182,Gary Payton II,1627780
1185,Kalin Lucas,203564
1189,Quincy Acy,203112
1190,Omri Casspi,201956
1193,Malachi Richardson,1627781
1195,James Nunnally,203263
1201,Ron Baker,1627758
1202,Lorenzo Brown,203485
1210,MarShon Brooks,202705
1212,Milos Teodosic,1628462
1217,Nick Young,201156
1219,Keenan Evans,1629037
1220,Jaylen Morris,1628537
1221,Okaro White,1627855
1228,Zach Lofton,1629155
1229,George King,1628994
1230,DJ Stephens,203474
1235,Ike Anigbogu,1628387
1237,Tyler Davis,1629093
1243,JR Smith,2747
1251,Zhou Qi,1627753
1253,Luc Mbah a Moute,201601
1255,John Holland,204066
1259,Zach Randolph,2216
1261,Cameron Oliver,1628419
1262,Chinanu Onuaku,1627778
1267,Billy Preston,1629009
1269,Travis Wear,204037
1270,Jeffrey Carroll,1629050
1272,Angel Rodriguez,1629285
1273,Tim Bond,1629260
1275,Markel Crawford,1629156
1277,Doral Moore,1629078
1278,Darius Johnson-Odom,203130
1279,Jonathan Stark,1629236
1281,Zach Smith,1629146
1282,Yanyuhang Ding,1629142
1283,Xavier Silas,202918
1288,Nick Johnson,203910
1289,Braian Angola-Rodas,1629132
1290,Timofey Mozgov,202389
1292,Thomas Robinson,203080
1293,C.J. Anderson,1629190
1294,Briante Weber,1627362
1295,Raphiael Putney,204192
1296,Rodney Purvis,1628681
1297,Jarnell Stokes,203950
1298,Jeffrey Coby,1629352
1301,Jairus Lyles,1629131
1302,Isaiah Cousins,1627766
1303,Isaac Haas,1629036
1304,Kay Felder,1627770
1307,Jarrett Jack,101127
1308,Alexis Ajinca,201582
1309,Garlon Green,203629
1310,Brandon McCoy,1629000
1311,Darius Morris,202721
1313,DeAndre Liggins,202732
1314,Charles Cooke,1628429
1316,Will Cherry,203805
1319,Elijah Stewart,1629136
1320,Ben Moore,1628500
1321,Omari Johnson,204179
1324,Josh Huestis,203962
1327,Nuni Omot,1629245
1328,Lavoy Allen,202730
1330,Tiwian Kendley,1629186
1332,Johnny Hamilton,1629148
1334,Donald Sloan,202388
1337,Desi Rodriguez,1629184
1338,Shabazz Muhammad,203498
1340,KJ McDaniels,203909
1341,Bryce Alford,1628576
1344,Codi Miller-McIntyre,1629149
1345,Emeka Okafor,2731
1346,Anthony Brown,1626148
1349,Omer Asik,201600
1351,Jaylen Barford,1628965
1352,Isaiah Wilkins,1629145
1354,Levi Randolph,1626260
1355,Darrell Arthur,201589
1356,Rob Gray,1629154
1358,Ismaila Kane,1629226
1359,Joel Berry II,1629137
1361,Marcus Georges-Hunt,1627875
1362,Jeff Roberson,1629166
1363,Nick King,1629165
1364,Jabari Bird,1628444
1365,Chris McCullough,1626191
1366,Jamel Artis,1628503
1367,Cole Aldrich,202332
1368,Malik Newman,1629005
1369,Tyrius Walker,1629246
1370,Marcus Lee,1629159
1371,Trey Lewis,1629163
1373,Justin Bibbs,1629167
1383,David West,2561
1409,Tarik Black,204028
1410,Aaron Jackson,1628935
1414,Kendrick Perkins,2570
1422,Shane Larkin,203499
1461,Jordan Crawford,202348
1475,Lucas Nogueira,203512
1488,Trevor Booker,202344
1489,Al Jefferson,2744
1492,Joe Young,1626202
1502,Jason Terry,1891
1505,Brandon Jennings,201943
1514,Ty Lawson,201951
1517,Ramon Sessions,201196
1529,Nick Collison,2555
1531,Dakari Johnson,1626177
1545,Aaron Brooks,201166
1561,Luke Babbitt,202337
1569,Manu Ginobili,1938
1575,Joffrey Lauvergne,203530
1592,Brandon Paul,203464
1607,Richard Jefferson,2210
1616,Jack Cooley,204022
1617,Nigel Hayes,1628502
1631,Tyler Ennis,203898
1655,Mario Chalmers,201596
1674,Dwight Buycks,202779
1675,Jameer Nelson,2749
1679,Sean Kilpatrick,203930
1695,Arron Afflalo,201167
1700,Marreese Speights,201578
1724,James Webb III,1627821
1739,Julyan Stone,202933
1741,Marcus Paige,1627779
1757,Andrew White III,1628510
1765,Alec Peters,1628409
1772,Aaron Harrison,1626151
1780,Tim Quarterman,1627817
1787,Jeremy Evans,202379
1791,Georgios Papagiannis,1627834
1792,Xavier Munford,204098
1793,Marshall Plumlee,1627850
1804,Jordan Mickey,1626175
1807,Marquis Teague,203104
1808,Larry Drew II,203580
1809,Darrun Hilliard,1626199
1831,Brice Johnson,1627744
1834,Paul Zipser,1627835
1838,Mangok Mathiang,1628493
1840,James Young,203923
1843,Jameel Warney,1627866
1844,Erik McCree,1628571
1847,Isaiah Whitehead,1627785
1850,Derrick Williams,202682
1855,Matt Costello,1627856
1856,Xavier Rathan-Mayes,1628504
1860,Malcolm Delaney,1627098
1863,Jarell Eddie,204067
1867,Brandan Wright,201148
1868,Kyle Singler,202713
1869,Rashad Vaughn,1626173
1870,Trey McKinney-Jones,203590
1880,Markel Brown,203900
1883,Mike James,1628455
1885,Josh McRoberts,201177
1895,Willie Reed,203186
1905,Johnny O'Bryant III,203948
1921,Tony Allen,2754
1937,Luis Montero,1626242
1942,Damien Wilkins,2863
1945,James Michael McAdoo,203949
1946,Bobby Brown,201628
1947,Jacob Wiley,1628451
1948,Vander Blue,203505
1949,Jacob Pullen,1626643
1950,Matt Williams Jr.,1628475
1952,Jamil Wilson,203966
1953,Joel Bolomboy,1627762
1954,Adreian Payne,203940
1955,Vincent Hunter,1626205
1959,Nate Wolters,203489
1961,Jeff Withey,203481
1965,Yakuba Ouattara,1628473
1966,Nicolas Brussino,1627852
1976,Gian Clavell,1628492
1978,Josh Smith,2746
1979,Mindaugas Kuzminskas,1627851
1980,Mirza Teletovic,203141
1981,Carrick Felix,203467
1985,Mike Young,1628454
1991,Ike Iroegbu,1628528
1993,Matt Jones,1628512
1998,Michael Gbinije,1627771
1999,Beno Udrih,2757
2000,Joel Anthony,201202
2004,AJ Hammons,1627773
2005,Tony Mitchell,203183
2007,James Blackmon Jr.,1628511
2008,Kris Humphries,2743
2010,Isaac Hamilton,1628554
2012,Damjan Rudez,204014
2015,Perry Jones III,203103
2016,Cliff Alexander,1626146
2018,Rade Zagorac,1627825
2019,Durand Scott,1628677
2020,Sheldon Mac,1627815
2024,Maalik Wayns,203146
2025,Brandon Ashley,1626165
2027,Terry Henderson,1628516
2028,T.J. Williams,1628494
2030,Luke Petrasek,1628517
2032,Davion Berry,204310
2033,Diamond Stone,1627754
2034,Jaylen Johnson,1628575
2035,Bronson Koenig,1628460
2038,Anthony Morrow,201627
2040,Archie Goodwin,203462
2042,Elijah Millsap,202407
2045,Chris Johnson,203187
2046,George de Paula,1628437
2047,Akil Mitchell,204064
2048,Jeremy Senglin,1628496
2049,Daniel Dixon,1628679
2050,L.J. Peak,1628433
2051,Jonathan Holmes,1626182
2053,Landry Nnoko,1628477
2054,Derek Willis,1628491
2055,Edy Tavares,204002
2062,Semaj Christon,203902
2063,Rashawn Thomas,1628577
2065,Josh Childress,2735
2067,Torian Graham,1628680
2068,Eric Griffin,203547
2069,Marcus Williams,200766
2070,DeQuan Jones,203199
2072,Melo Trimble,1628453
2073,Daniel Ochefu,1627849
2074,LaDontae Henton,1628176
2075,V.J. Beachem,1628431
2076,Stephen Zimmerman,1627757
2077,Brandon Rush,201575
2078,Kendall Marshall,203088
2080,Peter Jok,1628514
2081,Taylor Braun,1628579
2083,Jordan Mathews,1628535
2084,Georges Niang,162777
2085,Andy Rautins,202360
2086,Kyle Wiltjer,1627787
2087,Kennedy Meeks,1628452
2088,Paige Marcus,1962937755
2090,Jeremy Morgan,1628456
2092,Matt Matt,1962937827
2093,Devin Williams,1628241
2095,Alex Hamilton,1628174
2103,Deron Williams,101114
2106,Dahntay Jones,2563
2107,James Jones,2592
2117,Matt Barnes,2440
2149,David Lee,101135
2179,Boris Diaw,2564
2214,Paul Pierce,1718
2218,Alan Anderson,101187
2219,Brandon Bass,101138
2229,Mike Dunleavy,2399
2258,Spencer Hawes,201150
2283,Norris Cole,202708
2305,Kevin Seraphin,202338
2308,Monta Ellis,101145
2311,Rakeem Christmas,1626176
2331,Jordan Hill,201941
2343,Axel Toupane,1626253
2355,Metta World Peace,1897
2381,Patricio Garino,1627868
2386,Ryan Kelly,203527
2393,Mike Miller,2034
2398,Roy Hibbert,201579
2428,Justin Hamilton,203120
2429,Randy Foye,200751
2432,Andrew Nicholson,203094
2457,Gerald Henderson,201945
2459,Shawn Long,1627848
2460,Tiago Splitter,201168
2463,Sergio Rodriguez,200771
2466,Maurice Ndour,1626254
2474,Sasha Vujacic,2756
2484,Brian Roberts,203148
2501,Ronnie Price,101179
2510,C.J. Watson,201228
2512,Larry Sanders,202336
2530,Leandro Barbosa,2571
2532,Manny Harris,202412
2534,Rodney Stuckey,201155
2543,Toney Douglas,201962
2546,Justin Harper,202712
2548,Ben Bentil,1627791
2550,Reggie Williams,202130
2556,Luis Scola,2449
2560,Lamar Patterson,203934
2561,Mike Tobey,1627861
2562,Ray McCallum,203492
2565,Marcus Thornton,201977
2579,Marcelo Huertas,1626273
2582,Jared Sullinger,203096
2604,Anderson Varejao,2760
2608,Steve Novak,200779
2611,Pierre Jackson,203510
2613,Gary Neal,202390
2615,Alonzo Gee,202087
2618,John Lucas III,101249
2619,Arinze Onuaku,202620
2625,Nicolas Laprovittola,1627879
2627,Chris Andersen,2365
2635,Jordan Farmar,200770
2637,Greivis Vasquez,202349
2641,Festus Ezeli,203105
2642,Grant Jerrett,203511
2643,Greg Stiemsma,201880
2646,Yi Jianlian,201146
2648,Keith Hornsby,1627867
2650,Robbie Hummel,203133
2652,Pablo Prigioni,203143
2654,PJ Hairston,203798
2657,Livio Jean-Charles,203520
2658,Rasheed Sulaimon,1627881
2659,Perry Ellis,1627768
2660,Rasual Butler,2446
2661,Toure' Murry,203315
2662,Cat Barber,1627760
2667,Vashil Fernandez,1628041
2669,Drew Crawford,203990
2670,Brady Heslip,204029
2671,Yanick Moreira,1626213
2672,E.J. Singler,203560
2676,Casper Ware,203810
2677,Chris Bosh,2547
2678,Will Bynum,101198
2680,Thomas Walkup,1627843
2683,Shawn Dawson,1627873
2684,Quincy Ford,1627880
2685,Robert Sacre,203135
2687,Lou Amundson,200811
2688,JP Tokoto,1626160
2689,Jaleel Cousins,1627902
2690,Cleanthony Early,203921
2691,Damien Inglis,203996
2698,Henry Sims,203156
2699,Cameron Jones,202841
2700,Phil Pressey,203515
2701,Elliot Williams,202343
2703,Chris Crawford,204039
2707,Orlando Johnson,203111
2708,JJ O'Brien,1626266
2709,Jaleel Roberts,1626294
2711,Trey Freeman,1627887
2714,Cory Jefferson,203928
2718,Mitch McGary,203956
2719,Kaleb Tarczewski,1627818
2721,Chris Wright,202874
2724,Jorge Gutierrez,203268
2725,Chase Budinger,201978
2726,Beau Beech,1627862
2727,Egidijus Mockevicius,1627865
2728,Andrew Andrews,1627882
2729,Nikola Pekovic,201593
2735,Branden Dawson,1626183
2736,Kevin Murphy,203122
2737,Keith Benson,202728
2738,Stefan Jankovic,1627841
2739,Jordan Adams,203919
2740,D'Vauntes Smith-Rivera,1627886
2741,J.J. Avila,1627938
2742,Nikola Jovanovic,1627888
2743,Elton Brand,1882
2746,Nick Zeisloft,1627878
2748,D.J. Kennedy,202810
2755,Eric Dawson,201286
2757,Zach Auguste,1627811
2758,Julian Jacobs,1627829
2761,Dorell Wright,2748
2764,Gracin Bakumanya,1627836
2765,Derek Cooke Jr.,1627496
2767,Elgin Cook,1627765
2768,Scott Wood,1627954
2769,Tony Wroten,203100
2770,Chris Copeland,203142
2778,Mo Williams,2590
2808,Nazr Mohammed,1737
2824,Jason Thompson,201574
2837,Amar'e Stoudemire,2405
2841,Tim Duncan,1495
2848,Kevin Martin,2755
2850,Andre Miller,1889
2862,Chris Kaman,2549
2876,Kirk Hinrich,2550
2906,Tyler Hansbrough,201946
2918,Jeff Ayres,201965
2942,Andrew Goudelock,202726
2954,Charlie Villanueva,101111
2983,Steve Blake,2581
2993,James Anderson,202341
2999,Duje Dukan,1626251
3001,Caron Butler,2406
3043,Tibor Pleiss,202353
3044,Kobe Bryant,977
3057,Bryce Cotton,203955
3059,Jordan Hamilton,202706
3082,Greg Smith,202962
3083,Tayshaun Prince,2419
3084,Shayne Whittington,203963
3111,Matt Bonner,2588
3122,Carl Landry,201171
3143,JJ Hickson,201581
3148,Drew Gooden,2400
3150,Sasha Kaun,201619
3161,Sergey Karasev,203508
3182,Cameron Bairstow,203946
3184,Ryan Hollins,200797
3192,Sonny Weems,201603
3193,Jared Cunningham,203099
3199,Alex Stepheson,1627293
3201,Coty Clarke,1626262
3207,O.J. Mayo,201564
3213,Bryce Dejean-Jones,1626214
3236,DeJuan Blair,201971
3246,Erick Green,203475
3257,Andrea Bargnani,200745
3270,Keith Appling,203951
3279,Kevin Garnett,708
3284,Kostas Papanikolaou,203123
3288,Russ Smith,203893
3300,Chuck Hayes,101236
3302,Nate Robinson,101126
3305,Joshua Smith,1626288
3306,Arsalan Kazemi,203529
3307,Denzel Livingston,1626269
3308,Chris Walker,1626217
3311,Kleon Penn,1626285
3312,Nick Wiggins,204289
3314,Tre Kelley,201645
3316,Greg Whittington,204222
3317,Bo McCalebb,1627322
3318,Jeff Adrien,202399
3319,Yakhouba Diawara,200821
3320,Lazeric Jones,1626272
3321,Sampson Carter,1627258
3322,Nnanna Egwu,1626295
3323,Earl Barron,2853
3325,Danny Granger,101122
3326,Josh Harrellson,202725
3328,Jaron Johnson,204189
3331,Michale Kyser,1626252
3332,Ronald Roberts Jr.,204040
3333,Shannon Scott,1626263
3338,Furkan Aldemir,203128
3340,Scottie Wilbekin,203959
3342,Corey Walden,1626258
3344,Jason Washburn,1626279
3346,Sam Thompson,1626280
3348,CJ Fair,203927
3349,Kadeem Jack,1627292
3350,Wesley Saunders,1626201
3351,DaJuan Summers,201969
3352,Darion Atkins,1626276
3353,Travis Trice II,1626275
3355,Devin Sweetney,202464
3356,Chris Babb,203569
3358,Xavier Henry,202333
3359,Chris Udofia,1627224
3360,Jabari Brown,203913
3366,Jarrid Famous,202820
3367,Samuel Dalembert,2223
3369,Terran Petteway,1626189
3370,Jordan Bachynski,203947
3371,Cartier Martin,201858
3372,Adonis Thomas,203519
3373,Chris Douglas-Roberts,201604
3376,Melvin Ejim,203929
3378,Marcus Simmons,204136
3379,Marcus Landry,202068
3380,Josh Powell,2694
3383,Keifer Sykes,1626208
3384,Deshaun Thomas,203472
3385,Talib Zanna,204075
3386,Michael Qualls,1626180
3388,Dez Wells,1626190
3391,Robert Upshaw,1626193
3392,Will Cummings,1626270
3393,Jeremy Tyler,202719
3395,Dionte Christmas,202091
3397,Austin Daye,201948
3399,Nick Minnerath,1626305
3402,Ryan Boatright,1626207
3403,Chris Daniels,202808
3404,Quincy Miller,203113
3407,Youssou Ndoye,1626304
3409,Oleksiy Pecherov,200762
3410,Corey Hawkins,1626186
3414,Chris Johnson,202419
3415,Juwan Staten,1626219
3416,Kyle Casey,1626271
3417,Terrico White,202358
3418,Matt Janning,202394
3419,Ben Gordon,2732
3421,Marshall Henderson,1626289
3423,Corey Webster,1626290
3424,Jerome Jordan,202366
3425,Jake Anderson,202815
3426,Stefhon Hannah,202513
3429,Martell Webster,101110
3431,Edgar Sosa,1626293
3432,Tony Mitchell,203502
3434,Charlie Westbrook,203586
3435,Jon Horford,1626281
3436,Michael Holyfield,1626261
3438,Nikoloz Tskitishvili,2401
3461,Brendan Haywood,2217
3463,Shawn Marion,1890
3475,Joey Dorsey,201595
3489,Pero Antic,203544
3503,Glen Davis,201175
3506,Lester Hudson,201991
3507,Hedo Turkoglu,2045
3531,Nick Calathes,201979
3576,Earl Clark,201947
3602,Joel Freeland,200777
3615,Bernard James,203108
3626,Gerald Wallace,2222
3628,Gigi Datome,203540
3641,Landry Fields,202361
3665,Willie Green,2584
3671,Luke Ridnour,2557
3682,Reggie Evans,2501
3691,Carlos Boozer,2430
3707,Jamaal Franklin,203479
3724,Henry Walker,201611
3728,Zoran Dragic,204054
3747,Jason Richardson,2202
3759,Shawne Williams,200761
3771,Ricky Ledo,203495
3775,Jeffery Taylor,203106
3782,Jason Maxiell,101131
3838,Jerel McNeal,202077
3851,Sim Bhullar,204021
3859,David Wear,204033
3860,Shavlik Randolph,101183
3861,AJ Price,201985
3872,Alexey Shved,203144
3878,Jerrelle Benimon,203968
3891,Malcolm Thomas,202952
3898,John Salmons,2422
3912,Victor Claver,201964
3925,Kenyon Martin,2030
3946,Andre Dawkins,203958
3950,Ognjen Kuzmic,203136
3951,Tyrus Thomas,200748
3952,Miroslav Raduljica,203545
3973,Alex Kirk,203945
3976,Brandon Davies,203561
3983,Patrick Christopher,203565
3990,Jannero Pargo,2457
3994,Ronny Turiaf,101142
3997,Gal Mekel,203539
3999,Francisco Garcia,101128
4010,Malcolm Lee,202723
4012,Drew Gordon,204079
4015,Patric Young,203942
4017,Sebastian Telfair,2742
4019,Shannon Brown,200769
4022,Andrei Kirilenko,1905
4023,Glen Rice,203318
4027,Nemanja Nedovic,203517
4030,Brock Motum,204026
4031,Diante Garrett,203197
4035,Aaron Craft,203905
4036,Jason Kapono,2574
4038,Mitchell Watt,204030
4039,Trey Johnson,201234
4040,Roscoe Smith,203964
4041,Steve Nash,959
4046,Geron Johnson,204080
4050,Travis Outlaw,2566
4053,Doron Lamb,203117
4054,Ivan Johnson,201274
4058,Chris Singleton,202698
4059,Justin Cobbs,203965
4060,Dallas Lauderdale,203193
4061,Brian Qvale,204041
4064,Arnett Moultrie,203102
4066,Aaron Gray,201189
4067,Kevin Jones,203158
4069,Micheal Eric,203149
4071,Josh Davis,204027
4072,Shane Edwards,202197
4077,Vitor Faverani,203543
4079,Erik Murphy,203513
4080,Christian Watford,204024
4084,Damion James,202345
4086,DJ Mbenga,2788
4087,Orlando Sanchez,204044
4089,Michael Jenkins,204077
4093,Shawn Jones,204053
4095,Marcus Williams,201173
4096,Dexter Pittman,202354
4099,Yuki Togashi,204078
4100,Kyrylo Fesenko,201178
4103,Josh Bostic,202550
4105,Brian Cook,2567
4106,Hasheem Thabeet,201934
4108,Stephen Holt,204071
4110,Solomon Jones,200780
4112,Deonte Burton,203907
4114,Vernon Macklin,202731
4117,Kadeem Batts,204063
4120,Peyton Siva,203491
4121,Ben Hansbrough,203162
4122,Joe Jackson,204061
4123,Casey Prather,204062
4125,Daniel Orton,202350
4126,James Southerland,203480
4127,Kim English,203119
4128,Luke Hancock,204034
4131,Dee Bost,203551
4134,Keith Bogans,2586
4135,Jarvis Varnado,202363
4137,Rashard Lewis,1740
4140,Ray Allen,951
4141,Shane Battier,2203
4162,Greg Oden,201141
4168,Derek Fisher,965
4199,Al Harrington,1733
4228,Earl Watson,2248
4236,Andray Blatche,101154
4240,Jason Collins,2215
4254,Nando De Colo,201986
4302,Jermaine O'Neal,979
4304,Hilton Armstrong,200756
4330,Ronnie Brewer,200758
4332,Mike James,2229
4348,DJ White,201591
4371,Jan Vesely,202686
4373,Anthony Randolph,201576
4430,Byron Mullens,201957
4477,Melvin Ely,2408
4510,Othyus Jeffers,201785
4537,Tornike Shengelia,203129
4558,Royce White,203091
4559,Mustafa Shakur,201203
4567,Andrew Bynum,101115
4568,Eric Maynor,201953
4569,Andris Biedrins,2740
4581,Viacheslav Kravtsov,203139
4583,Gustavo Ayon,202970
4617,Antawn Jamison,1712
4628,Chauncey Billups,1497
4638,Roger Mason Jr.,2427
4640,Royal Ivey,2767
4646,Tyshawn Taylor,203116
4654,Stephen Jackson,1536
4656,Ryan Gomes,101155
4659,Hamady Ndiaye,202380
4663,Chris Smith,203147
4668,Mike Harris,200839
4684,Elias Harris,203548
4686,Kwame Brown,2198
4687,Jamaal Tinsley,2224
4693,Dominic McGuire,201187
4698,Kris Joseph,203126
4700,Mickell Gladness,202148
4701,Romero Osby,203528
4706,Jermaine Taylor,201966
4707,Kenny Kadji,203483
4712,DeSagana Diop,2205
4714,Pops Mensah-Bonsu,200822
4716,CJ Leslie,203466
4717,Ike Diogu,101113
4718,Khalif Wyatt,203579
4719,Rodney Williams,203576
4724,Carlos Morais,203577
4726,Tony Gaffney,202070
4733,Gani Lawal,202371
4736,Stephen Graham,101211
4739,Andre Barrett,2857
4740,Damen Bell-Holter,203568
4741,Kammron Taylor,202518
4744,Daniel Nwaelele,203327
4745,Michael Lee,203588
4747,Devin Ebanks,202365
4748,Fab Melo,203097
4749,Mickey McConnell,203566
4750,Renaldo Balkman,200764
4756,Patrick O'Bryant,200753
4757,Mac Koshwal,203262
4759,Courtney Fells,203587
4760,Gary Forbes,201814
4761,Trent Lockett,203556
4764,D'or Fischer,101217
4765,Olek Czyz,203589
4767,Kyle Fogg,203176
4768,Corey Maggette,1894
4769,Marcus Cousin,202408
4770,Myck Kabongo,203509
4771,Marko Jaric,2060
4772,Ron Howard,201351
4775,DeShawn Sims,202586
4776,Richard Howell,203494
4777,Dwayne Jones,101204
4778,Brandon Heath,201635
4780,David Lighty,203558
4784,Lazar Hayward,202351
4786,Mustapha Farrakhan,203201
4787,Eric Boateng,202420
4788,Dan Gadzuric,2429
4801,Tracy McGrady,1503
4823,Sam Young,201970
4829,Juwan Howard,436
4837,Keyon Dooling,2039
4841,Donte Greene,201590
4852,Jason Kidd,467
4855,Marcus Camby,948
4857,Quentin Richardson,2047
4876,Richard Hamilton,1888
4879,Daequan Cook,201161
4880,Vladimir Radmanovic,2209
4898,James White,200778
4911,Jerry Stackhouse,711
4916,Johan Petro,101130
4926,DeShawn Stevenson,2052
4938,Tim Ohlbrecht,203317
4941,Lamar Odom,1885
4948,Grant Hill,255
4959,Terrence Williams,201944
4965,Chris Wilcox,2404
4979,Carlos Delfino,2568
4993,Marquis Daniels,2605
4999,Chris Duhon,2768
5029,Sasha Pavlovic,2562
5033,Jared Jeffries,2407
5034,Nolan Smith,202701
5056,Hamed Haddadi,201632
5063,Joel Przybilla,2038
5074,Mickael Gelabale,101153
5084,Terrel Harris,202227
5102,Josh Akognon,203006
5128,Charles Jenkins,202724
5153,Daniel Gibson,200789
5155,Chris Quinn,200809
5191,Linas Kleiza,101132
5192,Mickael Pietrus,2554
5197,Rasheed Wallace,739
5198,Luke Walton,2575
5209,Justin Dentmon,202458
5211,Jeremy Pargo,202951
5215,Chris Wright,203203
5218,Rodrigue Beaubois,201958
5219,Kurt Thomas,703
5221,Travis Leslie,202727
5224,Dominique Jones,202346
5238,Luke Zeller,202545
5252,Hakim Warrick,101124
5258,Tyler Honeycutt,202715
5277,Josh Selby,202729
5292,Samardo Samuels,202396
5305,Josh Howard,2572
5307,Cory Higgins,202809
5309,Troy Murphy,2211
5311,Darko Milicic,2545
5312,Matt Carroll,2679
5313,Will Conroy,101215
5315,Brandon Roy,200750
5318,Luke Harangody,202376
5321,Eddy Curry,2201
5325,JaJuan Johnson,202707
5333,Steven Gray,203160
5334,Alando Tucker,201169
5337,Flip Murray,2436
5339,Ronald Dupree,2648
5343,Marqus Blakely,202392
5345,Hank Thorns,203180
5347,Rodney Carney,200760
5352,Delonte West,2753
5354,John Shurna,203157
5355,Mychel Thompson,202814
5356,Ryan Allen,203206
5358,Carlon Brown,203185
5359,Lance Goulbourne,203164
5360,Tarence Kinsey,200814
5361,Adam Morrison,200747
5362,Coby Karl,201207
5364,Demonte Harper,203192
5367,Darnell Jackson,201616
5368,Trent Plaisted,201610
5371,Micah Downs,203190
5372,Rob Kurz,201633
5373,Devin Searcy,203204
5375,Armon Johnson,202356
5376,Derrick Brown,201974
5377,Orien Greene,101158
5378,Blake Ahearn,201336
5379,Oscar Bellfield,203155
5386,Stephen Dennis,202417
5387,Luke Nevill,202075
5388,Sundiata Gaines,202178
5390,Solomon Alabi,202374
5391,Robert Dozier,201993
5392,Jonny Flynn,201938
5393,Kyle Weaver,201602
5394,Michael Dunigan,203195
5395,Carleton Scott,203163
5396,James Mays,201651
5397,Anthony Carter,1853
5398,Josh Akognon,203191
5400,Eddie Gill,2109
5401,Walker Russell,201041
5402,Reeves Nelson,203153
5403,Ronnie Aguilar,203196
5405,Jamar Smith,202446
5407,Ben Uzoh,202386
5408,Wesley Witherspoon,203178
5409,Andre Emmett,2765
5411,Greg Somogyi,203154
5412,Brian Butch,202221
5413,Trey Gilder,201821
5417,Tyler Wilkerson,203174
5418,Carldell Johnson,201291
5419,Isma'il Muhammad,200894
5423,Kelenna Azubuike,101235
5424,Kevin Anderson,203198
5464,Sean Williams,201157
5488,Tony Battie,1499
5489,Craig Brackins,202342
5530,Bobby Simmons,2250
5532,Trey Thompkins,202717
5543,Gilbert Arenas,2240
5572,Brian Scalabrine,2243
5579,Erick Dampier,956
5586,Christian Eyenga,201963
5592,Mike Bibby,1710
5612,Von Wafer,101144
5624,Raja Bell,1952
5626,Baron Davis,1884
5639,Brian Cardinal,2073
5650,Jerome Dyson,202406
5651,Darryl Watkins,201208
5667,Courtney Fortson,202622
5670,Diamon Simpson,202067
5673,Jordan Williams,202716
5683,Shelden Williams,200749
5686,Jamaal Magloire,2048
5697,Derrick Byars,201182
5704,Mikki Moore,1630
5731,Craig Smith,200783
5742,Brad Miller,1802
5754,Anthony Parker,1515
5770,Jamario Moon,200081
5784,Morris Almond,201165
5786,James Singleton,101189
5787,Maurice Evans,2230
5799,Jon Brockman,201972
5806,Ben Wallace,1112
5825,Michael Redd,2072
5835,Earl Boykins,1863
5839,Rudy Fernandez,201164
5847,Semih Erden,201623
5853,Dennis Horner,202862
5856,Eduardo Najera,2059
5863,Edwin Ubiles,202775
5866,Jerry Smith,202536
5871,Andres Nocioni,2804
5874,Jeff Foote,202880
5875,Jeff Foster,1902
5893,Mehmet Okur,2246
5897,Ryan Reid,202385
5907,T.J. Ford,2551
5910,Francisco Elson,1922
5924,Josh Davis,2668
5931,Larry Hughes,1716
5932,Larry Owens,202082
5938,Darington Hobson,202359
5944,Garret Siler,202081
5946,Brian Skinner,1730
5949,Magnum Rolle,202375
5950,Pape Sy,202377
5952,Durrell Summers,202872
5954,Taylor Griffin,201981
5957,Bonzi Wells,1719
5960,Frank Hassell,202912
5964,Gilbert Brown,202904
5965,Jamal Sampson,2441
5966,Michael Sweetney,2552
5969,Walter Sharpe,201594
5970,Devin Green,101209
5971,Ime Udoka,2137
5974,Damien Wilkins,1962936495
5975,Vernon Macklin,122683568
5977,Matt Rogers,202418
5978,Tyren Johnson,202792
5979,Drew Neitzel,202957
5980,Jerome Randle,202963
5982,Marcus Hubbard,201647
5983,Jeremy Wise,202217
5984,JamesOn Curry,201191
5985,Antoine Hood,200852
5986,Doug Thomas,201230
5989,Gary Flowers,202956
5990,Julian Khazzouh,202961
5991,Tim Pickett,2773
5992,Tommy Mitchell,202959
5993,Tommy Smith,2596
5994,Adrian Oliver,202935
5995,Lawrence Hill,202797
5996,Brian Hamilton,201266
5997,Tristan Thompson,202770
5998,Jan Vesely,1962936483
6000,Brian Skinner,1962936489
6001,Josh Davis,201820
6002,David Andersen,2431
6004,Moses Ehambe,201792
6007,Darnell Lazare,202175
6019,Peja Stojakovic,978
6028,Eddie House,2067
6033,Zydrunas Ilgauskas,980
6069,Leon Powe,200796
6091,Nenad Krstic,2420
6093,Carlos Arroyo,2306
6096,Shaquille O'Neal,406
6106,Joe Smith,693
6111,Antonio McDyess,686
6130,Malik Allen,2124
6145,Patrick Ewing,201607
6167,Antonio Daniels,1498
6207,Etan Thomas,2041
6208,Theo Ratliff,689
6221,Al Thornton,201154
6223,Charlie Bell,2294
6273,Willie Warren,202378
6284,Zabian Dowdell,202220
6286,Derrick Caracter,202382
6297,Pooh Jeter,200817
6310,Mario West,201238
6333,Julian Wright,201153
6339,James Posey,1899
6353,Darius Songaila,2443
6375,Joey Graham,101121
6414,Acie Law,201151
6415,Quinton Ross,2624
6420,Jarron Collins,2260
6423,Luther Head,101129
6431,Jason Williams,1715
6460,Sean Marks,1752
6495,Sherron Collins,202395
6522,Jawad Williams,101214
6530,Morris Peterson,2050
6540,Antoine Wright,101120
6547,Marcus Banks,2556
6549,Maurice Ager,200772
6550,Yao Ming,2397
6554,Fabricio Oberto,101177
6559,Curtis Jerrells,201998
6560,Joe Alexander,201570
6564,Stephane Lasme,201186
6565,Darius Miles,2032
6566,DJ Strawberry,201199
6567,Adam Haluska,201183
6568,Dee Brown,200793
6570,Vernon Hamilton,201649
6575,Drew Naymick,202404
6576,Aaron Miles,101223
6578,Raymond Sykes,202074
6579,Kenny Hasbrouck,202238
6582,Evan Brock,202410
6583,Ricardo Marsh,202409
6584,Richard Delk,202411
6585,Stanley Robinson,202383
6586,Chris Kramer,202423
6587,Ryan Thompson,202421
6590,Demetris Nichols,201193
6594,Roger Powell,101232
6595,Jason Hart,2078
6598,James Gist,201620
6600,Javaris Crittenton,201159
6601,Lance Allred,200984
6602,Connor Atchley,202213
6603,Joe Crawford,201621
6604,Longar Longar,201848
6607,Kevin Palmer,202402
6608,Antonio Anderson,202079
6609,Vernon Goodridge,202393
6610,Chucky Atkins,1088
6611,Anthony Mason,202400
6614,Luke Jackson,2739
6617,Jake Voskuhl,2063
6618,Jon Scheyer,202416
6623,Kirk Penney,2632
6624,Cedric Jackson,202132
6625,Kenny Thomas,1903
6626,Dee Brown,244
6627,Alexander Johnson,200792
6630,Loren Woods,2254
6641,Michael Finley,714
6680,Anthony Johnson,1533
6714,Randolph Morris,201043
6742,Primoz Brezec,2056
6755,Kevin Ollie,1563
6806,Chris Richard,201181
6831,Devin Brown,2484
6832,Travis Diener,101143
6842,J.R. Giddens,201592
6843,Jonathan Bender,1886
6855,Rasho Nesterovic,1725
6865,Mardy Collins,200776
6921,Chris Hunter,201805
6924,Devean George,1904
6960,Josh Boone,200767
6964,Trenton Hassell,2239
6996,Oliver Lafayette,201802
7008,Sean May,101118
7014,Malik Hairston,201612
7019,Jarvis Hayes,2553
7031,Adonal Foyle,1502
7039,Nathan Jawai,201605
7045,Steven Hunter,2212
7049,Rafer Alston,1747
7055,Allen Iverson,947
7064,Ricky Davis,1729
7068,Lindsey Hunter,283
7098,Speedy Claxton,2049
7101,Tim Thomas,1501
7110,Marcus Haislip,2409
7126,Mike Wilks,2366
7129,Othello Hunter,201629
7135,Roko Ukic,101146
7137,Ryan Bowen,1763
7140,Kareem Rush,2416
7148,Paul Davis,200781
7150,Desmond Mason,2046
7152,Deron Washington,201622
7153,Linton Johnson,2669
7157,Mike Taylor,201446
7158,Will Blalock,200807
7161,Dontell Jefferson,200971
7165,Jared Reiner,2876
7169,Thomas Kelati,202076
7170,Courtney Sims,201235
7171,Vincent Grier,200813
7172,Romel Beck,200575
7173,Goran Suton,201983
7174,Anthony Roberson,101194
7175,Quincy Douby,200763
7177,Carlos Powell,201225
7178,Dan Dickau,2424
7179,Brandon Bowman,200847
7182,Spencer Nelson,101208
7183,Leon Rodgers,202078
7184,Maceo Baston,1766
7189,Russell Robinson,201781
7190,Shaun Pruitt,202065
7193,Lawrence Roberts,101160
7194,Rod Benson,200918
7198,Wesley Matthews,1962936250
7200,Juan Dixon,2413
7204,Michael Ruffin,1913
7208,Frank Robinson,201648
7209,Dontaye Draper,202069
7213,Michael Fey,202071
7217,David Monds,201776
7220,Sean Singletary,201606
7221,Thomas Gardner,201242
7222,Dionte Christmas,1962936270
7223,Lanny Smith,201831
7224,Warren Carter,201999
7225,Bennet Davis,201834
7226,Brian Hamilton,201646
7227,Wesley Matthews,500032
